axis_id,clip_id,a_ind,status,s_commit
presence,1002,0.59999999999999998,CROSSING,0.05
presence,1003,0.47499999999999998,CROSSING,0.75
presence,1048,1,VIDEO_DETERMINED,
presence,1094,0.59999999999999998,CROSSING,0.15
presence,1131,1,VIDEO_DETERMINED,
presence,115,0.67500000000000004,CENSORED,
presence,1152,1,VIDEO_DETERMINED,
presence,116,0.67500000000000004,CROSSING,0.05
presence,1186,0.875,CROSSING,0.05
presence,1196,0.54166666666666663,CROSSING,0.05
presence,1207,1,VIDEO_DETERMINED,
presence,1209,0.875,CROSSING,0.05
presence,121,1,VIDEO_DETERMINED,
presence,1263,0.76666666666666672,CROSSING,0.25
presence,1270,0.59999999999999998,CROSSING,0.60
presence,1278,0.54166666666666663,CROSSING,0.05
presence,1282,1,VIDEO_DETERMINED,
presence,1308,1,VIDEO_DETERMINED,
presence,1330,1,VIDEO_DETERMINED,
presence,1364,0.76666666666666672,CROSSING,0.05
presence,1386,0.875,CROSSING,0.05
presence,1410,0.67500000000000004,CROSSING,0.25
presence,1412,1,VIDEO_DETERMINED,
presence,1421,0.875,CROSSING,0.05
presence,1422,0.76666666666666672,CENSORED,
presence,1436,0.54166666666666663,CROSSING,0.60
presence,1447,1,VIDEO_DETERMINED,
presence,1459,0.54166666666666663,CROSSING,0.60
presence,1479,1,VIDEO_DETERMINED,
presence,1502,1,VIDEO_DETERMINED,
presence,1514,1,VIDEO_DETERMINED,
presence,1517,1,VIDEO_DETERMINED,
presence,1560,0.875,CROSSING,0.05
presence,1574,1,VIDEO_DETERMINED,
presence,1601,1,VIDEO_DETERMINED,
presence,1628,0.76666666666666672,CROSSING,0.05
presence,1629,0.67500000000000004,CROSSING,0.90
presence,1630,1,VIDEO_DETERMINED,
presence,1739,0.875,CROSSING,0.05
presence,1762,1,VIDEO_DETERMINED,
presence,1810,0.875,CROSSING,0.90
presence,1812,1,VIDEO_DETERMINED,
presence,1813,0.76666666666666672,CROSSING,0.05
presence,1859,0.76666666666666672,CROSSING,0.05
presence,1868,1,VIDEO_DETERMINED,
presence,1876,0.875,CROSSING,0.05
presence,1893,1,VIDEO_DETERMINED,
presence,1900,0.875,CROSSING,0.05
presence,1905,0.67500000000000004,CROSSING,0.15
presence,1929,0.76666666666666672,CROSSING,0.05
presence,194,1,VIDEO_DETERMINED,
presence,195,0.875,CROSSING,0.35
presence,1956,0.875,CROSSING,0.05
presence,1964,1,VIDEO_DETERMINED,
presence,1972,1,VIDEO_DETERMINED,
presence,2,1,VIDEO_DETERMINED,
presence,2029,0.59999999999999998,CROSSING,0.15
presence,2032,0.67500000000000004,CROSSING,0.05
presence,2041,0.76666666666666672,CROSSING,0.05
presence,2061,1,VIDEO_DETERMINED,
presence,2082,1,VIDEO_DETERMINED,
presence,2106,1,VIDEO_DETERMINED,
presence,214,1,VIDEO_DETERMINED,
presence,2174,0.67500000000000004,CROSSING,0.15
presence,2177,0.875,CROSSING,0.05
presence,221,1,VIDEO_DETERMINED,
presence,2249,0.5,CROSSING,0.90
presence,2250,0.54166666666666663,CROSSING,0.05
presence,2307,0.59999999999999998,CENSORED,
presence,2311,0.59999999999999998,CROSSING,0.90
presence,2372,0.67500000000000004,CROSSING,0.05
presence,2418,0.76666666666666672,CROSSING,0.05
presence,2436,1,VIDEO_DETERMINED,
presence,245,0.875,CROSSING,0.05
presence,2457,1,VIDEO_DETERMINED,
presence,2469,1,VIDEO_DETERMINED,
presence,249,0.875,CROSSING,0.60
presence,2491,0.76666666666666672,CROSSING,0.05
presence,2511,0.875,CROSSING,0.45
presence,2555,1,VIDEO_DETERMINED,
presence,2583,0.875,CENSORED,
presence,2603,1,VIDEO_DETERMINED,
presence,2612,0.875,CROSSING,0.05
presence,2622,1,VIDEO_DETERMINED,
presence,2646,0.875,CROSSING,0.05
presence,2661,0.875,CROSSING,0.25
presence,2668,0.59999999999999998,CROSSING,0.05
presence,2689,0.46666666666666667,CENSORED,
presence,2723,0.5,CROSSING,0.75
presence,2757,0.54166666666666663,CROSSING,0.05
presence,2794,0.875,CENSORED,
presence,2796,0.76666666666666672,CROSSING,0.05
presence,2802,1,VIDEO_DETERMINED,
presence,2803,0.875,CROSSING,0.05
presence,2812,1,VIDEO_DETERMINED,
presence,2817,0.875,CROSSING,0.05
presence,282,0.46666666666666667,CROSSING,0.45
presence,2826,0.875,CROSSING,0.05
presence,2875,1,VIDEO_DETERMINED,
presence,2881,1,VIDEO_DETERMINED,
presence,292,0.76666666666666672,CROSSING,0.05
presence,2945,0.875,CROSSING,0.05
presence,2992,1,VIDEO_DETERMINED,
presence,3,0.67500000000000004,CENSORED,
presence,3048,0.59999999999999998,CROSSING,0.05
presence,3056,1,VIDEO_DETERMINED,
presence,3112,0.76666666666666672,CROSSING,0.15
presence,3113,0.875,CROSSING,0.05
presence,3114,0.54166666666666663,CROSSING,0.60
presence,3220,0.875,CROSSING,0.05
presence,325,0.875,CROSSING,0.05
presence,3273,0.67500000000000004,CROSSING,0.05
presence,332,1,VIDEO_DETERMINED,
presence,338,1,VIDEO_DETERMINED,
presence,3392,0.5,CROSSING,0.75
presence,3395,0.67500000000000004,CROSSING,0.05
presence,34,1,VIDEO_DETERMINED,
presence,3411,0.875,CROSSING,0.05
presence,3459,0.875,CROSSING,0.05
presence,3460,0.67500000000000004,CROSSING,0.15
presence,3464,1,VIDEO_DETERMINED,
presence,3475,0.67500000000000004,CROSSING,0.05
presence,3491,0.67500000000000004,CROSSING,0.05
presence,3496,0.67500000000000004,CROSSING,0.05
presence,3540,0.76666666666666672,CROSSING,0.05
presence,3570,0.76666666666666672,CROSSING,0.35
presence,3585,0.76666666666666672,CROSSING,0.15
presence,3611,1,VIDEO_DETERMINED,
presence,3630,1,VIDEO_DETERMINED,
presence,3637,1,VIDEO_DETERMINED,
presence,3657,0.47499999999999998,CENSORED,
presence,3768,0.875,CROSSING,0.25
presence,3780,0.875,CROSSING,0.05
presence,3873,0.59999999999999998,CROSSING,0.15
presence,388,1,VIDEO_DETERMINED,
presence,3912,1,VIDEO_DETERMINED,
presence,3957,1,VIDEO_DETERMINED,
presence,3979,1,VIDEO_DETERMINED,
presence,3985,1,VIDEO_DETERMINED,
presence,3994,0.76666666666666672,CENSORED,
presence,4000,0.67500000000000004,CROSSING,0.90
presence,4063,1,VIDEO_DETERMINED,
presence,4077,0.67500000000000004,CENSORED,
presence,4122,1,VIDEO_DETERMINED,
presence,4170,1,VIDEO_DETERMINED,
presence,4268,0.59999999999999998,CROSSING,0.05
presence,4283,0.875,CROSSING,0.05
presence,43,1,VIDEO_DETERMINED,
presence,4315,1,VIDEO_DETERMINED,
presence,4334,0.54166666666666663,CROSSING,0.05
presence,437,0.875,CROSSING,0.05
presence,4398,0.54166666666666663,CROSSING,0.15
presence,4411,0.67500000000000004,CROSSING,0.75
presence,4476,0.54166666666666663,CROSSING,0.25
presence,4510,0.67500000000000004,CROSSING,0.15
presence,452,0.76666666666666672,CROSSING,0.05
presence,4563,0.67500000000000004,CROSSING,0.05
presence,457,0.59999999999999998,CROSSING,0.60
presence,4590,0.54166666666666663,CROSSING,0.45
presence,4635,0.875,CROSSING,0.05
presence,4671,0.47499999999999998,CROSSING,0.15
presence,4694,1,VIDEO_DETERMINED,
presence,4720,0.67500000000000004,CENSORED,
presence,477,0.59999999999999998,CENSORED,
presence,481,0.59999999999999998,CROSSING,0.90
presence,4855,1,VIDEO_DETERMINED,
presence,4863,0.54166666666666663,CENSORED,
presence,4870,0.76666666666666672,CROSSING,0.05
presence,4876,0.875,CROSSING,0.15
presence,4881,0.59999999999999998,CENSORED,
presence,4883,1,VIDEO_DETERMINED,
presence,4935,0.46666666666666667,CROSSING,0.25
presence,4939,0.5,CROSSING,0.25
presence,4996,0.76666666666666672,CENSORED,
presence,502,1,VIDEO_DETERMINED,
presence,505,1,VIDEO_DETERMINED,
presence,527,0.76666666666666672,CENSORED,
presence,547,0.59999999999999998,CROSSING,0.90
presence,595,0.76666666666666672,CROSSING,0.05
presence,596,0.59999999999999998,CROSSING,0.25
presence,63,0.76666666666666672,CROSSING,0.90
presence,643,0.47499999999999998,CROSSING,0.05
presence,658,0.875,CROSSING,0.05
presence,662,1,VIDEO_DETERMINED,
presence,67,1,VIDEO_DETERMINED,
presence,691,0.59999999999999998,CROSSING,0.15
presence,706,1,VIDEO_DETERMINED,
presence,728,1,VIDEO_DETERMINED,
presence,819,0.875,CROSSING,0.05
presence,844,1,VIDEO_DETERMINED,
presence,847,0.76666666666666672,CROSSING,0.05
presence,849,0.76666666666666672,CROSSING,0.05
presence,859,0.67500000000000004,CROSSING,0.05
presence,905,0.47499999999999998,CENSORED,
presence,913,0.875,CROSSING,0.05
presence,92,0.875,CROSSING,0.05
presence,920,0.67500000000000004,CROSSING,0.05
presence,935,0.76666666666666672,CROSSING,0.15
presence,955,1,VIDEO_DETERMINED,
presence,96,0.59999999999999998,CROSSING,0.90
timing,1002,1,VIDEO_DETERMINED,
timing,1003,1,VIDEO_DETERMINED,
timing,1048,1,VIDEO_DETERMINED,
timing,1094,1,VIDEO_DETERMINED,
timing,1131,1,VIDEO_DETERMINED,
timing,115,0.875,CROSSING,0.05
timing,1152,1,VIDEO_DETERMINED,
timing,116,1,VIDEO_DETERMINED,
timing,1186,0.875,CROSSING,0.05
timing,1196,1,VIDEO_DETERMINED,
timing,1207,1,VIDEO_DETERMINED,
timing,1209,0.875,CROSSING,0.05
timing,121,0.875,CROSSING,0.05
timing,1263,1,VIDEO_DETERMINED,
timing,1270,1,VIDEO_DETERMINED,
timing,1278,1,VIDEO_DETERMINED,
timing,1282,0.45833333333333331,CROSSING,0.05
timing,1308,0.65833333333333333,CROSSING,0.90
timing,1330,1,VIDEO_DETERMINED,
timing,1364,1,VIDEO_DETERMINED,
timing,1386,0.55833333333333335,CROSSING,0.05
timing,1410,1,VIDEO_DETERMINED,
timing,1412,1,VIDEO_DETERMINED,
timing,1421,1,VIDEO_DETERMINED,
timing,1422,1,VIDEO_DETERMINED,
timing,1436,1,VIDEO_DETERMINED,
timing,1447,0.875,CROSSING,0.05
timing,1459,1,VIDEO_DETERMINED,
timing,1479,1,VIDEO_DETERMINED,
timing,1502,1,VIDEO_DETERMINED,
timing,1514,1,VIDEO_DETERMINED,
timing,1517,1,VIDEO_DETERMINED,
timing,1560,0.875,CROSSING,0.05
timing,1574,1,VIDEO_DETERMINED,
timing,1601,1,VIDEO_DETERMINED,
timing,1628,0.7583333333333333,CROSSING,0.05
timing,1629,0.7583333333333333,CROSSING,0.05
timing,1630,1,VIDEO_DETERMINED,
timing,1739,0.875,CROSSING,0.05
timing,1762,1,VIDEO_DETERMINED,
timing,1810,1,VIDEO_DETERMINED,
timing,1812,1,VIDEO_DETERMINED,
timing,1813,1,VIDEO_DETERMINED,
timing,1859,1,VIDEO_DETERMINED,
timing,1868,1,VIDEO_DETERMINED,
timing,1876,0.65000000000000002,CROSSING,0.05
timing,1893,1,VIDEO_DETERMINED,
timing,1900,1,VIDEO_DETERMINED,
timing,1905,0.875,CROSSING,0.05
timing,1929,1,VIDEO_DETERMINED,
timing,194,1,VIDEO_DETERMINED,
timing,195,0.875,CROSSING,0.05
timing,1956,1,VIDEO_DETERMINED,
timing,1964,1,VIDEO_DETERMINED,
timing,1972,1,VIDEO_DETERMINED,
timing,2,0.7583333333333333,CROSSING,0.05
timing,2029,1,VIDEO_DETERMINED,
timing,2032,0.7583333333333333,CROSSING,0.05
timing,2041,0.875,CROSSING,0.05
timing,2061,1,VIDEO_DETERMINED,
timing,2082,1,VIDEO_DETERMINED,
timing,2106,1,VIDEO_DETERMINED,
timing,214,1,VIDEO_DETERMINED,
timing,2174,1,VIDEO_DETERMINED,
timing,2177,1,VIDEO_DETERMINED,
timing,221,1,VIDEO_DETERMINED,
timing,2249,1,VIDEO_DETERMINED,
timing,2250,0.875,CROSSING,0.05
timing,2307,0.5,CROSSING,0.75
timing,2311,1,VIDEO_DETERMINED,
timing,2372,0.875,CROSSING,0.05
timing,2418,1,VIDEO_DETERMINED,
timing,2436,1,VIDEO_DETERMINED,
timing,245,1,VIDEO_DETERMINED,
timing,2457,1,VIDEO_DETERMINED,
timing,2469,1,VIDEO_DETERMINED,
timing,249,0.875,CROSSING,0.05
timing,2491,1,VIDEO_DETERMINED,
timing,2511,0.875,CROSSING,0.05
timing,2555,1,VIDEO_DETERMINED,
timing,2583,1,VIDEO_DETERMINED,
timing,2603,0.875,CROSSING,0.05
timing,2612,0.7583333333333333,CROSSING,0.05
timing,2622,1,VIDEO_DETERMINED,
timing,2646,0.875,CROSSING,0.05
timing,2661,1,VIDEO_DETERMINED,
timing,2668,1,VIDEO_DETERMINED,
timing,2689,1,VIDEO_DETERMINED,
timing,2723,1,VIDEO_DETERMINED,
timing,2757,1,VIDEO_DETERMINED,
timing,2794,1,VIDEO_DETERMINED,
timing,2796,0.875,CROSSING,0.05
timing,2802,1,VIDEO_DETERMINED,
timing,2803,0.875,CROSSING,0.05
timing,2812,1,VIDEO_DETERMINED,
timing,2817,1,VIDEO_DETERMINED,
timing,282,0.875,CROSSING,0.35
timing,2826,0.76666666666666672,CROSSING,0.05
timing,2875,0.65833333333333333,CENSORED,
timing,2881,0.7583333333333333,CROSSING,0.05
timing,292,1,VIDEO_DETERMINED,
timing,2945,0.875,CROSSING,0.05
timing,2992,1,VIDEO_DETERMINED,
timing,3,1,VIDEO_DETERMINED,
timing,3048,0.65000000000000002,CROSSING,0.05
timing,3056,1,VIDEO_DETERMINED,
timing,3112,1,VIDEO_DETERMINED,
timing,3113,1,VIDEO_DETERMINED,
timing,3114,0.76666666666666672,CROSSING,0.05
timing,3220,1,VIDEO_DETERMINED,
timing,325,1,VIDEO_DETERMINED,
timing,3273,0.875,CROSSING,0.05
timing,332,0.7583333333333333,CROSSING,0.05
timing,338,0.76666666666666672,CROSSING,0.05
timing,3392,1,VIDEO_DETERMINED,
timing,3395,1,VIDEO_DETERMINED,
timing,34,0.875,CROSSING,0.05
timing,3411,0.875,CENSORED,
timing,3459,1,VIDEO_DETERMINED,
timing,3460,0.65833333333333333,CROSSING,0.05
timing,3464,1,VIDEO_DETERMINED,
timing,3475,1,VIDEO_DETERMINED,
timing,3491,1,VIDEO_DETERMINED,
timing,3496,0.875,CROSSING,0.05
timing,3540,1,VIDEO_DETERMINED,
timing,3570,1,VIDEO_DETERMINED,
timing,3585,1,VIDEO_DETERMINED,
timing,3611,0.43333333333333335,CROSSING,0.05
timing,3630,1,VIDEO_DETERMINED,
timing,3637,0.875,CROSSING,0.05
timing,3657,1,VIDEO_DETERMINED,
timing,3768,0.875,CROSSING,0.05
timing,3780,0.875,CROSSING,0.05
timing,3873,1,VIDEO_DETERMINED,
timing,388,1,VIDEO_DETERMINED,
timing,3912,0.875,CROSSING,0.05
timing,3957,0.875,CROSSING,0.05
timing,3979,0.7583333333333333,CROSSING,0.05
timing,3985,1,VIDEO_DETERMINED,
timing,3994,1,VIDEO_DETERMINED,
timing,4000,0.875,CROSSING,0.35
timing,4063,1,VIDEO_DETERMINED,
timing,4077,0.875,CROSSING,0.05
timing,4122,0.875,CROSSING,0.05
timing,4170,1,VIDEO_DETERMINED,
timing,4268,0.875,CROSSING,0.05
timing,4283,1,VIDEO_DETERMINED,
timing,43,0.5,CROSSING,0.05
timing,4315,0.47499999999999998,CROSSING,0.75
timing,4334,0.57499999999999996,CROSSING,0.05
timing,437,1,VIDEO_DETERMINED,
timing,4398,1,VIDEO_DETERMINED,
timing,4411,0.49166666666666664,CROSSING,0.05
timing,4476,0.45833333333333331,CROSSING,0.05
timing,4510,1,VIDEO_DETERMINED,
timing,452,1,VIDEO_DETERMINED,
timing,4563,1,VIDEO_DETERMINED,
timing,457,0.48333333333333334,CROSSING,0.05
timing,4590,0.875,CROSSING,0.90
timing,4635,1,VIDEO_DETERMINED,
timing,4671,1,VIDEO_DETERMINED,
timing,4694,0.76666666666666672,CROSSING,0.05
timing,4720,1,VIDEO_DETERMINED,
timing,477,1,VIDEO_DETERMINED,
timing,481,0.59999999999999998,CROSSING,0.15
timing,4855,1,VIDEO_DETERMINED,
timing,4863,0.7583333333333333,CROSSING,0.05
timing,4870,1,VIDEO_DETERMINED,
timing,4876,1,VIDEO_DETERMINED,
timing,4881,1,VIDEO_DETERMINED,
timing,4883,0.67500000000000004,CROSSING,0.05
timing,4935,0.875,CROSSING,0.45
timing,4939,1,VIDEO_DETERMINED,
timing,4996,1,VIDEO_DETERMINED,
timing,502,0.67500000000000004,CROSSING,0.05
timing,505,1,VIDEO_DETERMINED,
timing,527,0.09166666666666666,CROSSING,0.05
timing,547,0.27500000000000002,CROSSING,0.05
timing,595,1,VIDEO_DETERMINED,
timing,596,0.875,CROSSING,0.05
timing,63,1,VIDEO_DETERMINED,
timing,643,1,VIDEO_DETERMINED,
timing,658,1,VIDEO_DETERMINED,
timing,662,0.5083333333333333,CROSSING,0.05
timing,67,0.875,CROSSING,0.05
timing,691,1,VIDEO_DETERMINED,
timing,706,0.875,CROSSING,0.75
timing,728,1,VIDEO_DETERMINED,
timing,819,0.65833333333333333,CROSSING,0.05
timing,844,0.875,CROSSING,0.05
timing,847,1,VIDEO_DETERMINED,
timing,849,0.875,CROSSING,0.05
timing,859,0.875,CROSSING,0.05
timing,905,1,VIDEO_DETERMINED,
timing,913,1,VIDEO_DETERMINED,
timing,92,1,VIDEO_DETERMINED,
timing,920,0.65000000000000002,CROSSING,0.05
timing,935,0.76666666666666672,CROSSING,0.05
timing,955,0.67500000000000004,CROSSING,0.05
timing,96,1,VIDEO_DETERMINED,
class,1002,0.8666666666666667,CENSORED,
class,1003,0.22727272727272727,CROSSING,0.90
class,1048,0.34615384615384615,CENSORED,
class,1094,0.40909090909090912,CROSSING,0.15
class,1131,0.56060606060606055,CROSSING,0.60
class,115,0.44444444444444442,CROSSING,0.75
class,1152,0.35555555555555557,CROSSING,0.15
class,116,0.25,CROSSING,0.05
class,1186,0.26373626373626374,CROSSING,0.05
class,1196,0.25757575757575757,CROSSING,0.05
class,1207,0.32142857142857145,CROSSING,0.60
class,1209,0.24444444444444444,CROSSING,0.60
class,121,0.10000000000000001,CROSSING,0.90
class,1263,0.15151515151515152,CROSSING,0.60
class,1270,0.15555555555555556,CROSSING,0.15
class,1278,0.20512820512820512,CROSSING,0.05
class,1282,0.19444444444444445,CROSSING,0.35
class,1308,0.33333333333333331,CROSSING,0.25
class,1330,0,CROSSING,0.35
class,1364,0.24242424242424243,CROSSING,0.75
class,1386,0.8571428571428571,CROSSING,0.05
class,1410,0.19047619047619047,CROSSING,0.60
class,1412,0.72527472527472525,CROSSING,0.35
class,1421,0.27272727272727271,CROSSING,0.35
class,1422,0.40909090909090912,CROSSING,0.15
class,1436,0.21428571428571427,CROSSING,0.60
class,1447,0,CROSSING,0.15
class,1459,0.47435897435897434,CROSSING,0.35
class,1479,0,CROSSING,0.45
class,1502,0.62222222222222223,CROSSING,0.15
class,1514,0.16666666666666666,CROSSING,0.75
class,1517,0,CENSORED,
class,1560,0.2857142857142857,CROSSING,0.90
class,1574,0.16666666666666666,CROSSING,0.15
class,1601,0.55238095238095242,CROSSING,0.45
class,1628,0.19444444444444445,CROSSING,0.45
class,1629,0.2857142857142857,CROSSING,0.75
class,1630,0.095238095238095233,CROSSING,0.25
class,1739,0.65833333333333333,CROSSING,0.45
class,1762,0.19780219780219779,CROSSING,0.05
class,1810,0.5636363636363636,CROSSING,0.05
class,1812,0.58333333333333337,CROSSING,0.75
class,1813,0.40909090909090912,CROSSING,0.15
class,1859,0.28205128205128205,CROSSING,0.05
class,1868,0.16666666666666666,CROSSING,0.35
class,1876,0.1388888888888889,CROSSING,0.05
class,1893,0.40909090909090912,CROSSING,0.15
class,1900,0.38461538461538464,CROSSING,0.60
class,1905,0.11538461538461539,CROSSING,0.05
class,1929,0.24358974358974358,CROSSING,0.05
class,194,0.1111111111111111,CROSSING,0.90
class,195,0.2857142857142857,CROSSING,0.45
class,1956,0.73626373626373631,CROSSING,0.35
class,1964,0,CROSSING,0.05
class,1972,0.22222222222222221,CROSSING,0.35
class,2,0.75,CROSSING,0.05
class,2029,0.29090909090909089,CENSORED,
class,2032,0.25757575757575757,CROSSING,0.05
class,2041,0.5357142857142857,CROSSING,0.25
class,2061,0.5357142857142857,CROSSING,0.35
class,2082,0.75238095238095237,CROSSING,0.05
class,2106,0.61111111111111116,CROSSING,0.75
class,214,1,VIDEO_DETERMINED,
class,2174,0.19444444444444445,CROSSING,0.35
class,2177,0.15555555555555556,CROSSING,0.45
class,221,0.40000000000000002,CROSSING,0.05
class,2249,0.41666666666666669,CROSSING,0.35
class,2250,0.52727272727272723,CROSSING,0.45
class,2307,0.37179487179487181,CROSSING,0.45
class,2311,0.40000000000000002,CROSSING,0.15
class,2372,0.14545454545454545,CROSSING,0.75
class,2418,0.28205128205128205,CROSSING,0.05
class,2436,0.26666666666666666,CROSSING,0.35
class,245,0.44444444444444442,CROSSING,0.35
class,2457,0.69696969696969702,CENSORED,
class,2469,0.51515151515151514,CENSORED,
class,249,0.46969696969696972,CROSSING,0.75
class,2491,0.15151515151515152,CROSSING,0.15
class,2511,0.23076923076923078,CENSORED,
class,2555,0.65454545454545454,CROSSING,0.15
class,2583,0.32051282051282054,CROSSING,0.25
class,2603,0.23076923076923078,CENSORED,
class,2612,0.58974358974358976,CROSSING,0.05
class,2622,0.75238095238095237,CROSSING,0.15
class,2646,0.8571428571428571,CROSSING,0.05
class,2661,0.40000000000000002,CROSSING,0.05
class,2668,0.35555555555555557,CROSSING,0.90
class,2689,0.18181818181818182,CROSSING,0.75
class,2723,0.61538461538461542,CROSSING,0.05
class,2757,0.47435897435897434,CROSSING,0.90
class,2794,0.2857142857142857,CROSSING,0.45
class,2796,0.22727272727272727,CROSSING,0.15
class,2802,0.64444444444444449,CROSSING,0.60
class,2803,0.10909090909090909,CROSSING,0.75
class,2812,0.21212121212121213,CROSSING,0.25
class,2817,1,VIDEO_DETERMINED,
class,282,0.29090909090909089,CROSSING,0.45
class,2826,0.19780219780219779,CROSSING,0.60
class,2875,0.25,CROSSING,0.15
class,2881,1,VIDEO_DETERMINED,
class,292,0.84615384615384615,CROSSING,0.05
class,2945,0.51648351648351654,CROSSING,0.90
class,2992,0.047619047619047616,CROSSING,0.25
class,3,0.56060606060606055,CROSSING,0.05
class,3048,0.32051282051282054,CROSSING,0.90
class,3056,0,CROSSING,0.05
class,3112,1,VIDEO_DETERMINED,
class,3113,0.17857142857142858,CROSSING,0.15
class,3114,0.36363636363636365,CROSSING,0.90
class,3220,0.20000000000000001,CROSSING,0.05
class,325,0.40000000000000002,CROSSING,0.75
class,3273,0.54545454545454541,CROSSING,0.05
class,332,0.21794871794871795,CROSSING,0.45
class,338,0.20000000000000001,CROSSING,0.05
class,3392,0.19230769230769232,CROSSING,0.45
class,3395,0.34615384615384615,CROSSING,0.25
class,34,1,VIDEO_DETERMINED,
class,3411,1,VIDEO_DETERMINED,
class,3459,0.37362637362637363,CROSSING,0.60
class,3460,0.46153846153846156,CROSSING,0.25
class,3464,1,VIDEO_DETERMINED,
class,3475,0.25,CROSSING,0.45
class,3491,0.35555555555555557,CENSORED,
class,3496,0.46969696969696972,CROSSING,0.05
class,3540,0.035714285714285712,CROSSING,0.25
class,3570,0.19444444444444445,CROSSING,0.75
class,3585,0.23636363636363636,CROSSING,0.25
class,3611,1,VIDEO_DETERMINED,
class,3630,0.27272727272727271,CROSSING,0.75
class,3637,0.26923076923076922,CROSSING,0.05
class,3657,0.22222222222222221,CROSSING,0.35
class,3768,0.21818181818181817,CROSSING,0.45
class,3780,0.34848484848484851,CROSSING,0.15
class,3873,0.26923076923076922,CENSORED,
class,388,0.21428571428571427,CROSSING,0.05
class,3912,1,VIDEO_DETERMINED,
class,3957,0.38181818181818183,CROSSING,0.05
class,3979,0.14285714285714285,CROSSING,0.60
class,3985,0.083333333333333329,CROSSING,0.25
class,3994,0.35164835164835168,CENSORED,
class,4000,0.45714285714285713,CROSSING,0.75
class,4063,0.25,CROSSING,0.60
class,4077,0.56060606060606055,CENSORED,
class,4122,1,VIDEO_DETERMINED,
class,4170,0.65833333333333333,CROSSING,0.05
class,4268,0.21818181818181817,CROSSING,0.15
class,4283,0.75238095238095237,CROSSING,0.60
class,43,0.33333333333333331,CROSSING,0.60
class,4315,0.77777777777777779,CROSSING,0.25
class,4334,0.15555555555555556,CROSSING,0.35
class,437,0.21794871794871795,CROSSING,0.05
class,4398,0.14545454545454545,CROSSING,0.60
class,4411,0.48888888888888887,CROSSING,0.75
class,4476,0.29487179487179488,CROSSING,0.05
class,4510,0.1388888888888889,CROSSING,0.25
class,452,0.088888888888888892,CENSORED,
class,4563,0.37179487179487181,CROSSING,0.05
class,457,0.46666666666666667,CROSSING,0.75
class,4590,0.67272727272727273,CROSSING,0.45
class,4635,0.44444444444444442,CROSSING,0.75
class,4671,0.33333333333333331,CROSSING,0.15
class,4694,0.34848484848484851,CROSSING,0.05
class,4720,0.29487179487179488,CENSORED,
class,477,0.27272727272727271,CROSSING,0.45
class,481,0.26666666666666666,CROSSING,0.35
class,4855,0.49090909090909091,CENSORED,
class,4863,0.47619047619047616,CENSORED,
class,4870,0.18181818181818182,CROSSING,0.05
class,4876,0.23636363636363636,CROSSING,0.15
class,4881,0.58974358974358976,CROSSING,0.45
class,4883,0.5,CROSSING,0.05
class,4935,0.10714285714285714,CROSSING,0.15
class,4939,0.57692307692307687,CROSSING,0.05
class,4996,0.72527472527472525,CROSSING,0.75
class,502,0.33333333333333331,CROSSING,0.25
class,505,0.46969696969696972,CROSSING,0.45
class,527,0.33333333333333331,CROSSING,0.60
class,547,0.22222222222222221,CROSSING,0.25
class,595,0.83333333333333337,CROSSING,0.15
class,596,0.40000000000000002,CROSSING,0.15
class,63,0.5,CROSSING,0.15
class,643,0.40000000000000002,CROSSING,0.05
class,658,0.10714285714285714,CROSSING,0.25
class,662,0.63809523809523805,CROSSING,0.25
class,67,0.2857142857142857,CROSSING,0.15
class,691,0.1111111111111111,CROSSING,0.35
class,706,0.1388888888888889,CROSSING,0.35
class,728,0.12727272727272726,CENSORED,
class,819,0.5357142857142857,CROSSING,0.45
class,844,0.30909090909090908,CROSSING,0.75
class,847,0.10714285714285714,CROSSING,0.15
class,849,0.1111111111111111,CROSSING,0.60
class,859,0.14545454545454545,CROSSING,0.15
class,905,0.25,CROSSING,0.25
class,913,0.44444444444444442,CENSORED,
class,92,0.07575757575757576,CROSSING,0.25
class,920,0.40000000000000002,CROSSING,0.15
class,935,0.23636363636363636,CROSSING,0.75
class,955,0.8571428571428571,CROSSING,0.05
class,96,0.18181818181818182,CROSSING,0.35
material,1002,0.80926668661991219,CROSSING,0.60
material,1003,0.64919383859158741,CROSSING,0.75
material,1048,0.66207582400204035,CROSSING,0.45
material,1094,0.64402479922596356,CROSSING,0.75
material,1131,0.83134932166708686,CROSSING,0.75
material,115,0.78406070717336773,CROSSING,0.75
material,1152,0.81496146005399794,CROSSING,0.75
material,116,0.64912019468874504,CROSSING,0.75
material,1186,0.76888659783403834,CROSSING,0.75
material,1196,0.65619856204225091,CROSSING,0.60
material,1207,0.52632530101537478,CROSSING,0.75
material,1209,0.46026174810838399,CROSSING,0.60
material,121,0.59401982845669676,CROSSING,0.60
material,1263,0.54541427344192639,CROSSING,0.60
material,1270,0.65519213999395665,CROSSING,0.60
material,1278,0.44887384493671451,CROSSING,0.90
material,1282,0.43365793769497274,CROSSING,0.45
material,1308,0.76256125166430944,CROSSING,0.45
material,1330,0.89151262481662819,CROSSING,0.60
material,1364,0.66322950205325781,CROSSING,0.75
material,1386,0.66917610419955098,CROSSING,0.60
material,1410,0.69000730080321526,CROSSING,0.75
material,1412,0.72285850423066289,CROSSING,0.45
material,1421,0.61496872072583375,CROSSING,0.45
material,1422,0.60029585052350298,CROSSING,0.75
material,1436,0.57781938263028965,CROSSING,0.75
material,1447,0.87199340627124955,CROSSING,0.60
material,1459,0.6186450747450104,CROSSING,0.75
material,1479,0.84146428232566683,CROSSING,0.45
material,1502,0.63866615817652339,CROSSING,0.75
material,1514,0.71797900817152338,CROSSING,0.60
material,1517,0.85687666846885702,CROSSING,0.75
material,1560,0.59755068599016281,CROSSING,0.45
material,1574,0.89545982795491141,CROSSING,0.45
material,1601,0.6640663808178906,CROSSING,0.90
material,1628,0.44583672654151435,CROSSING,0.60
material,1629,0.63554539705904789,CROSSING,0.60
material,1630,0.61061513101865106,CROSSING,0.75
material,1739,0.66331907927936729,CROSSING,0.60
material,1762,0.78013156764728919,CROSSING,0.90
material,1810,0.52543102282241672,CROSSING,0.60
material,1812,0.75198191948890591,CROSSING,0.75
material,1813,0.66212879084629839,CROSSING,0.60
material,1859,0.44133103241733845,CROSSING,0.60
material,1868,0.74678193530152581,CROSSING,0.60
material,1876,0.53645830202182121,CROSSING,0.75
material,1893,0.38448923838458687,CROSSING,0.60
material,1900,0.6380200077423922,CROSSING,0.35
material,1905,0.6107045493243326,CROSSING,0.90
material,1929,0.67546770382554511,CROSSING,0.75
material,194,0.78800405301346432,CROSSING,0.75
material,195,0.77917399771879514,CROSSING,0.60
material,1956,0.61262376173546251,CROSSING,0.60
material,1964,0.92425272483494125,CROSSING,0.45
material,1972,0.48755728770987133,CROSSING,0.45
material,2,0.57204467025885741,CROSSING,0.45
material,2029,0.59868269188249301,CROSSING,0.75
material,2032,0.65710376186897512,CROSSING,0.75
material,2041,0.6197268013073729,CROSSING,0.60
material,2061,0.5096095754491915,CROSSING,0.75
material,2082,0.48151094989797538,CROSSING,0.60
material,2106,0.64660886535152595,CROSSING,0.60
material,214,0.7246753264610698,CROSSING,0.60
material,2174,0.62251061903604754,CROSSING,0.75
material,2177,0.6747576487819994,CROSSING,0.90
material,221,0.75640852294572247,CROSSING,0.60
material,2249,0.66435418852192774,CROSSING,0.75
material,2250,0.49610390797661963,CROSSING,0.75
material,2307,0.6719946154579417,CROSSING,0.90
material,2311,0.71559625954037487,CROSSING,0.60
material,2372,0.52602648622725678,CROSSING,0.60
material,2418,0.72140934428544645,CROSSING,0.75
material,2436,0.75086483115158431,CROSSING,0.60
material,245,0.63170050665105804,CROSSING,0.45
material,2457,0.60400781474142251,CROSSING,0.75
material,2469,0.52754068236281493,CROSSING,0.60
material,249,0.59204849320248032,CROSSING,0.60
material,2491,0.41561809181873471,CROSSING,0.75
material,2511,0.53094848654805793,CROSSING,0.75
material,2555,0.69458907295881689,CROSSING,0.75
material,2583,0.74710844178103952,CROSSING,0.75
material,2603,0.77461186016737948,CROSSING,0.75
material,2612,0.75668882699971007,CROSSING,0.75
material,2622,0.55647852666801112,CROSSING,0.60
material,2646,0.79179032976840213,CROSSING,0.75
material,2661,0.62298403667938917,CROSSING,0.60
material,2668,0.58281191760954698,CROSSING,0.60
material,2689,0.60109863877503822,CROSSING,0.75
material,2723,0.63091498801915813,CROSSING,0.60
material,2757,0.63881605169845634,CROSSING,0.60
material,2794,0.57777184132017256,CROSSING,0.75
material,2796,0.59117358069113124,CROSSING,0.75
material,2802,0.73826369828624128,CROSSING,0.60
material,2803,0.45914710683856608,CROSSING,0.45
material,2812,0.60553245112865095,CROSSING,0.45
material,2817,0.79121169990145679,CROSSING,0.75
material,282,0.78675329106448955,CROSSING,0.75
material,2826,0.63823265236229554,CROSSING,0.60
material,2875,0.72217720207953495,CROSSING,0.60
material,2881,0.71169661148081809,CROSSING,0.60
material,292,0.48216947575559976,CROSSING,0.75
material,2945,0.5122077861413652,CROSSING,0.75
material,2992,0.64730905393506333,CROSSING,0.60
material,3,0.53991076149436001,CROSSING,0.60
material,3048,0.55714333602894184,CROSSING,0.60
material,3056,0.72872174792544064,CROSSING,0.90
material,3112,0.83988642499343458,CROSSING,0.75
material,3113,0.50114392043297384,CROSSING,0.45
material,3114,0.85786905689515358,CROSSING,0.60
material,3220,0.62268642054559209,CROSSING,0.60
material,325,0.59293769504819549,CROSSING,0.60
material,3273,0.54362370861216958,CROSSING,0.60
material,332,0.59611627440801296,CROSSING,0.60
material,338,0.75900066440786984,CROSSING,0.45
material,3392,0.44816890517364527,CROSSING,0.45
material,3395,0.48114507250844279,CROSSING,0.35
material,34,0.90289898100175092,CROSSING,0.75
material,3411,0.62407385028476081,CROSSING,0.75
material,3459,0.54169462995520778,CROSSING,0.60
material,3460,0.59572609444557922,CROSSING,0.60
material,3464,0.65089867818998104,CROSSING,0.60
material,3475,0.48676333610928252,CROSSING,0.60
material,3491,0.80397644777984012,CROSSING,0.75
material,3496,0.617776538631295,CROSSING,0.60
material,3540,0.51781131865892227,CROSSING,0.60
material,3570,0.47996874474770101,CROSSING,0.75
material,3585,0.58556147623677535,CROSSING,0.60
material,3611,0.68890917277600194,CROSSING,0.75
material,3630,0.66900760904424816,CROSSING,0.75
material,3637,0.5961901870425359,CROSSING,0.75
material,3657,0.73822994571074319,CROSSING,0.90
material,3768,0.5275491963015404,CROSSING,0.35
material,3780,0.60661540467590869,CROSSING,0.60
material,3873,0.64019243562392203,CROSSING,0.75
material,388,0.55052181149973023,CROSSING,0.60
material,3912,0.90933237189940386,CROSSING,0.60
material,3957,0.63813533996938454,CROSSING,0.60
material,3979,0.58184295449605083,CROSSING,0.60
material,3985,0.61776567431204454,CROSSING,0.75
material,3994,0.61794993633752715,CROSSING,0.75
material,4000,0.69534227797633785,CROSSING,0.60
material,4063,0.72407143622724379,CROSSING,0.75
material,4077,0.5960275571704613,CROSSING,0.45
material,4122,0.73135025794058539,CROSSING,0.75
material,4170,0.65447009572191017,CROSSING,0.75
material,4268,0.35751792667567794,CROSSING,0.60
material,4283,0.72684865620900108,CROSSING,0.60
material,43,0.72096759236553953,CROSSING,0.60
material,4315,0.61536328995806899,CROSSING,0.35
material,4334,0.43517943271702098,CROSSING,0.60
material,437,0.60827015974817245,CROSSING,0.60
material,4398,0.69867514862447588,CROSSING,0.90
material,4411,0.56894841240608252,CROSSING,0.75
material,4476,0.7306209728099915,CROSSING,0.75
material,4510,0.67247019690807597,CROSSING,0.60
material,452,0.55753941887582859,CROSSING,0.60
material,4563,0.66182767061766223,CROSSING,0.45
material,457,0.74819388245351603,CROSSING,0.75
material,4590,0.5469871882462658,CROSSING,0.35
material,4635,0.59509146442555727,CROSSING,0.75
material,4671,0.71819450816052965,CROSSING,0.60
material,4694,0.54874143758496596,CROSSING,0.60
material,4720,0.6920129247031368,CROSSING,0.60
material,477,0.57551931863704309,CROSSING,0.90
material,481,0.62078410585436883,CROSSING,0.60
material,4855,0.78591051578050963,CROSSING,0.75
material,4863,0.56513118672052243,CROSSING,0.45
material,4870,0.52902648117250739,CROSSING,0.60
material,4876,0.5178053479109288,CROSSING,0.75
material,4881,0.69459361868925273,CROSSING,0.75
material,4883,0.3974094458503854,CROSSING,0.60
material,4935,0.55672641791392696,CROSSING,0.35
material,4939,0.59651904489962937,CROSSING,0.60
material,4996,0.64340650098559637,CROSSING,0.60
material,502,0.55385881821872052,CROSSING,0.60
material,505,0.66649869472159751,CROSSING,0.45
material,527,0.55099805573317584,CROSSING,0.60
material,547,0.50800378398076917,CROSSING,0.60
material,595,0.65688129995909683,CROSSING,0.60
material,596,0.53245526972688884,CROSSING,0.60
material,63,0.550749038392641,CROSSING,0.45
material,643,0.78451460585226596,CROSSING,0.75
material,658,0.80292863530430825,CROSSING,0.75
material,662,0.80253260675965732,CROSSING,0.60
material,67,0.76926054229056617,CROSSING,0.60
material,691,0.40428062923689878,CROSSING,0.45
material,706,0.74926275060410696,CROSSING,0.60
material,728,0.8055621863195731,CROSSING,0.75
material,819,0.71267843160450928,CROSSING,0.75
material,844,0.50516789682586649,CROSSING,0.60
material,847,0.62661911368413359,CROSSING,0.45
material,849,0.63553898096135697,CROSSING,0.75
material,859,0.40925108582895137,CROSSING,0.45
material,905,0.52487965700471284,CROSSING,0.60
material,913,0.55211590017201362,CROSSING,0.60
material,92,0.56770997047357497,CROSSING,0.45
material,920,0.63042780340020943,CROSSING,0.45
material,935,0.41218832623447238,CROSSING,0.60
material,955,0.7632335866201061,CROSSING,0.60
material,96,0.6807398802288489,CROSSING,0.60
